id	name	gender
1	Libbie	Female
2	Maribelle	Female
3	Jacquelynn	Female
4	Beatrice	Polygender
5	Lance	Bigender
6	Sheila-kathryn	Female
7	Marlene	Female
8	Allsun	Agender
9	Tades	Polygender
10	Carlie	Male
11	Regen	Male
12	Frederik	Male
13	Gabi	Male
14	Esra	Male
15	Taylor	Male
16	John	Male
17	Dolores	Female
18	Shirlene	Bigender
19	Lory	Female
20	Mathew	Non-binary
21	Silvana	Female
22	Corbet	Male
23	Aurel	Female
24	Jock	Male
25	Andrey	Male
26	Ashlan	Female
27	Sterne	Male
28	Husain	Male
29	Linus	Male
30	Abbe	Male
31	Thoma	Non-binary
32	Bronny	Male
33	Consuelo	Female
34	Yurik	Bigender
35	Tamera	Female
36	Rockey	Male
37	Cheryl	Female
38	Baillie	Male
39	De	Female
40	Staford	Male
41	Alix	Female
42	Tiphani	Female
43	Shane	Female
44	Orion	Male
45	Mikael	Male
46	Eberhard	Male
47	Kellyann	Female
48	Almeda	Female
49	Darius	Male
50	Isacco	Male
51	Marylee	Female
52	Billie	Genderqueer
53	Arlan	Male
54	De	Female
55	Jeremie	Male
56	Kerwin	Male
57	Zondra	Female
58	Jesselyn	Female
59	Sansone	Male
60	Normie	Male
61	Ysabel	Female
62	Rocky	Male
63	Dalt	Male
64	Valery	Female
65	Janifer	Female
66	Neddy	Male
67	Theodor	Male
68	Jackie	Genderfluid
69	Britt	Male
70	Kiel	Male
71	Ed	Male
72	Traver	Male
73	Jasmine	Female
74	Brody	Male
75	Isac	Male
76	Andonis	Male
77	Weber	Male
78	Andree	Female
79	Claire	Female
80	Jodie	Male
81	Viviyan	Female
82	Adi	Female
83	Lazar	Male
84	Kaspar	Male
85	Stanislaus	Male
86	Vivyan	Female
87	Jennette	Female
88	Stephannie	Female
89	Tan	Male
90	Milty	Male
91	Emmett	Male
92	Normie	Male
93	Anabelle	Female
94	Millicent	Female
95	Danie	Male
96	Baron	Male
97	Joannes	Female
98	Evita	Female
99	Rachelle	Genderfluid
100	Carine	Female
